timestamp,unit_id,unit_type,empire_or_resistance,location_x,location_y,destination_x,destination_y,homeworld
2025-07-08 16:25:07,1,at-at,resistance,3,4,5,4,Dagobah
2025-07-08 16:25:06,2,at-at,resistance,5,3,10,1,Mirial
2025-07-08 16:25:05,3,unknown,empire,1,5,9,10,Tholoth
2025-07-08 16:25:04,4,at-st,resistance,5,3,4,6,Iktotch
2025-07-08 16:25:03,5,unknown,resistance,9,3,8,7,Naboo
2025-07-08 16:25:02,6,stormtrooper,empire,6,3,3,2,Mirial
2025-07-08 16:25:01,7,at-at,empire,7,6,6,9,Toydaria
2025-07-08 16:25:00,8,at-st,resistance,1,2,1,8,Haruun Kal
2025-07-08 16:24:59,9,stormtrooper,empire,7,5,3,7,Eriadu
2025-07-08 16:24:58,10,stormtrooper,resistance,2,6,1,1,Kashyyyk
2025-07-08 16:24:57,11,tie_silencer,empire,10,7,4,4,Rodia
2025-07-08 16:24:56,12,x-wing,empire,2,2,2,5,Bestine IV
2025-07-08 16:24:55,13,x-wing,empire,9,7,10,8,Concord Dawn
2025-07-08 16:24:54,14,at-st,resistance,6,2,8,6,Aleen Minor
2025-07-08 16:24:53,15,tie_silencer,resistance,9,10,2,1,Bestine IV
2025-07-08 16:24:52,16,stormtrooper,resistance,4,4,1,2,Mon Cala
2025-07-08 16:24:51,17,resistance_soldier,empire,1,8,10,10,Stewjon
2025-07-08 16:24:50,18,tie_fighter,empire,7,9,7,1,Concord Dawn
2025-07-08 16:24:49,19,x-wing,resistance,3,7,1,7,Tund
2025-07-08 16:24:48,20,resistance_soldier,empire,4,6,8,1,Stewjon
2025-07-08 16:24:47,21,at-at,empire,4,1,10,5,Tund
2025-07-08 16:24:46,22,tie_fighter,resistance,7,9,2,1,Iktotch
2025-07-08 16:24:45,23,unknown,empire,9,5,1,8,Tholoth
2025-07-08 16:24:44,24,tie_fighter,empire,1,8,5,10,Umbara
2025-07-08 16:24:43,25,at-st,empire,6,6,6,8,Dorin
2025-07-08 16:24:42,26,at-st,empire,8,5,2,2,Glee Anselm
2025-07-08 16:24:41,27,x-wing,resistance,5,6,9,3,Umbara
2025-07-08 16:24:40,28,at-at,empire,4,2,10,9,Skako
2025-07-08 16:24:39,29,tie_silencer,resistance,5,9,6,5,Quermia
2025-07-08 16:24:38,30,at-st,resistance,2,10,3,4,Glee Anselm
2025-07-08 16:24:37,31,tie_silencer,resistance,5,1,9,5,Concord Dawn
2025-07-08 16:24:36,32,resistance_soldier,empire,3,8,6,4,Serenno
2025-07-08 16:24:35,33,unknown,resistance,6,3,6,1,Sullust
2025-07-08 16:24:34,34,stormtrooper,resistance,6,2,2,4,Bestine IV
2025-07-08 16:24:33,35,tie_silencer,empire,7,6,9,3,Muunilinst
2025-07-08 16:24:32,36,stormtrooper,empire,4,10,4,9,Champala
2025-07-08 16:24:31,37,at-st,resistance,7,4,5,1,Troiken
2025-07-08 16:24:30,38,resistance_soldier,empire,9,9,3,9,Kalee
2025-07-08 16:24:29,39,resistance_soldier,resistance,5,4,4,4,Cerea
2025-07-08 16:24:28,40,resistance_soldier,resistance,10,6,2,6,Toydaria
2025-07-08 16:24:27,41,tie_silencer,empire,10,2,1,1,Rodia
2025-07-08 16:24:26,42,resistance_soldier,empire,7,1,2,3,Kalee
2025-07-08 16:24:25,43,stormtrooper,empire,3,10,6,9,Toydaria
2025-07-08 16:24:24,44,tie_silencer,resistance,9,1,1,10,Shili
2025-07-08 16:24:23,45,tie_fighter,resistance,8,7,3,9,Dorin
2025-07-08 16:24:22,46,tie_silencer,resistance,4,1,7,8,Bestine IV
2025-07-08 16:24:21,47,tie_fighter,empire,2,10,4,10,Chandrila
2025-07-08 16:24:20,48,tie_fighter,resistance,2,1,8,1,Dorin
2025-07-08 16:24:19,49,resistance_soldier,empire,10,3,3,4,Dagobah
2025-07-08 16:24:18,50,unknown,empire,1,4,1,1,Stewjon
2025-07-08 16:24:17,51,tie_silencer,empire,3,6,3,5,Quermia
2025-07-08 16:24:16,52,resistance_soldier,empire,4,10,2,5,Toydaria
2025-07-08 16:24:15,53,at-at,resistance,4,10,4,7,Vulpter
2025-07-08 16:24:14,54,unknown,resistance,2,3,6,5,Malastare
2025-07-08 16:24:13,55,tie_silencer,empire,9,3,9,8,Glee Anselm
2025-07-08 16:24:12,56,tie_fighter,resistance,3,4,7,6,Glee Anselm
2025-07-08 16:24:11,57,resistance_soldier,empire,10,8,6,3,Cerea
2025-07-08 16:24:10,58,stormtrooper,resistance,3,6,10,7,Alderaan
2025-07-08 16:24:09,59,unknown,empire,6,8,7,10,Tund
2025-07-08 16:24:08,60,at-st,resistance,1,3,7,8,Rodia
2025-07-08 16:24:07,61,stormtrooper,resistance,4,8,5,8,Tholoth
2025-07-08 16:24:06,62,x-wing,empire,1,5,4,1,Muunilinst
2025-07-08 16:24:05,63,at-st,resistance,4,1,9,3,Malastare
2025-07-08 16:24:04,64,unknown,empire,6,5,9,8,Ojom
2025-07-08 16:24:03,65,x-wing,resistance,6,1,3,6,Alderaan
2025-07-08 16:24:02,66,x-wing,empire,2,10,2,5,Vulpter
2025-07-08 16:24:01,67,unknown,empire,3,10,10,9,Iridonia
2025-07-08 16:24:00,68,at-at,resistance,5,6,1,8,Glee Anselm
2025-07-08 16:23:59,69,resistance_soldier,resistance,8,8,2,5,Iktotch
2025-07-08 16:23:58,70,resistance_soldier,resistance,9,7,5,3,Vulpter
2025-07-08 16:23:57,71,tie_fighter,empire,3,1,3,9,Trandosha
2025-07-08 16:23:56,72,resistance_soldier,resistance,4,8,8,10,Troiken
2025-07-08 16:23:55,73,at-at,empire,4,4,3,9,Skako
2025-07-08 16:23:54,74,at-st,resistance,7,6,4,7,Kashyyyk
2025-07-08 16:23:53,75,tie_fighter,resistance,2,6,2,1,Mon Cala
2025-07-08 16:23:52,76,x-wing,empire,1,7,5,8,Dagobah
2025-07-08 16:23:51,77,tie_silencer,resistance,5,5,9,4,Ryloth
2025-07-08 16:23:50,78,x-wing,resistance,3,1,6,9,Ryloth
2025-07-08 16:23:49,79,unknown,resistance,1,3,4,1,Ryloth
2025-07-08 16:23:48,80,at-st,empire,7,5,5,7,Iktotch
2025-07-08 16:23:47,81,stormtrooper,empire,2,2,9,3,Eriadu
2025-07-08 16:23:46,82,at-at,resistance,6,9,5,10,Ojom
2025-07-08 16:23:45,83,tie_fighter,empire,7,5,1,9,Malastare
2025-07-08 16:23:44,84,tie_fighter,resistance,6,1,2,10,Socorro
2025-07-08 16:23:43,85,x-wing,empire,7,7,4,5,Dagobah
2025-07-08 16:23:42,86,at-at,resistance,2,4,10,6,Tatooine
2025-07-08 16:23:41,87,x-wing,empire,3,9,4,7,Troiken
2025-07-08 16:23:40,88,x-wing,resistance,10,8,8,7,Champala
2025-07-08 16:23:39,89,x-wing,empire,3,4,6,7,Haruun Kal
2025-07-08 16:23:38,90,resistance_soldier,resistance,5,9,6,4,Iktotch
2025-07-08 16:23:37,91,resistance_soldier,resistance,7,1,3,2,Champala
2025-07-08 16:23:36,92,stormtrooper,resistance,3,10,9,6,Sullust
2025-07-08 16:23:35,93,unknown,resistance,4,9,1,8,Alderaan
2025-07-08 16:23:34,94,at-st,resistance,6,6,6,4,Kashyyyk
2025-07-08 16:23:33,95,unknown,resistance,7,7,5,3,Tund
2025-07-08 16:23:32,96,at-at,empire,8,9,9,10,Muunilinst
2025-07-08 16:23:31,97,tie_silencer,resistance,5,1,1,4,Toydaria
2025-07-08 16:23:30,98,resistance_soldier,resistance,8,4,7,4,Troiken
2025-07-08 16:23:29,99,at-at,resistance,7,7,4,5,Aleen Minor
2025-07-08 16:23:28,100,tie_silencer,resistance,2,3,4,9,Ojom
2025-07-08 16:23:27,101,tie_silencer,empire,2,9,4,9,Vulpter
2025-07-08 16:23:26,102,unknown,empire,3,7,3,8,Cerea
2025-07-08 16:23:25,103,at-at,resistance,5,1,9,10,Skako
2025-07-08 16:23:24,104,at-at,resistance,1,6,2,9,Aleen Minor
2025-07-08 16:23:23,105,at-st,empire,9,1,9,9,Malastare
2025-07-08 16:23:22,106,tie_fighter,resistance,8,6,9,4,Champala
2025-07-08 16:23:21,107,x-wing,resistance,8,1,6,8,Kashyyyk
2025-07-08 16:23:20,108,tie_silencer,empire,5,2,8,6,Trandosha
2025-07-08 16:23:19,109,tie_fighter,empire,9,1,5,9,Ojom
2025-07-08 16:23:18,110,stormtrooper,empire,5,9,2,8,Tholoth
2025-07-08 16:23:17,111,at-at,resistance,6,2,1,10,Eriadu
2025-07-08 16:23:16,112,tie_silencer,resistance,3,8,7,3,Dathomir
2025-07-08 16:23:15,113,tie_silencer,empire,4,5,9,1,Skako
2025-07-08 16:23:14,114,at-st,resistance,3,4,7,4,Sullust
2025-07-08 16:23:13,115,tie_silencer,empire,10,1,10,5,Glee Anselm
2025-07-08 16:23:12,116,unknown,resistance,6,1,5,7,Concord Dawn
2025-07-08 16:23:11,117,stormtrooper,empire,1,5,10,6,Eriadu
2025-07-08 16:23:10,118,at-at,empire,6,9,7,1,Serenno
2025-07-08 16:23:09,119,at-st,empire,1,1,9,6,Iktotch
2025-07-08 16:23:08,120,tie_silencer,empire,5,7,7,2,Tholoth
2025-07-08 16:23:07,121,at-st,empire,5,10,4,2,Rodia
2025-07-08 16:23:06,122,x-wing,resistance,7,1,1,7,Socorro
2025-07-08 16:23:05,123,at-at,empire,7,6,4,8,Stewjon
2025-07-08 16:23:04,124,at-at,resistance,7,6,7,6,Vulpter
2025-07-08 16:23:03,125,stormtrooper,resistance,10,1,4,6,Iridonia
2025-07-08 16:23:02,126,tie_silencer,empire,4,10,5,5,Mirial
2025-07-08 16:23:01,127,at-st,empire,2,9,10,2,Glee Anselm
2025-07-08 16:23:00,128,tie_silencer,resistance,9,9,6,2,Shili
2025-07-08 16:22:59,129,x-wing,resistance,3,4,6,3,Sullust
2025-07-08 16:22:58,130,at-st,empire,4,1,4,7,Muunilinst
2025-07-08 16:22:57,131,at-st,empire,9,3,8,9,Muunilinst
2025-07-08 16:22:56,132,tie_silencer,resistance,10,3,1,6,Rodia
2025-07-08 16:22:55,133,at-at,empire,10,1,10,1,Toydaria
2025-07-08 16:22:54,134,tie_silencer,resistance,10,8,8,3,Dorin
2025-07-08 16:22:53,135,tie_silencer,resistance,8,6,10,9,Naboo
2025-07-08 16:22:52,136,stormtrooper,empire,9,4,7,5,Mirial
2025-07-08 16:22:51,137,at-st,resistance,7,4,7,10,Zolan
2025-07-08 16:22:50,138,at-at,empire,3,5,10,7,Muunilinst
2025-07-08 16:22:49,139,at-st,empire,3,4,4,1,Zolan
2025-07-08 16:22:48,140,stormtrooper,empire,8,7,3,3,Muunilinst
2025-07-08 16:22:47,141,resistance_soldier,resistance,1,2,3,7,Kashyyyk
2025-07-08 16:22:46,142,tie_silencer,empire,3,5,9,4,Chandrila
2025-07-08 16:22:45,143,x-wing,empire,5,4,2,6,Corellia
2025-07-08 16:22:44,144,x-wing,empire,7,8,3,10,Malastare
2025-07-08 16:22:43,145,tie_silencer,resistance,10,7,7,2,Eriadu
2025-07-08 16:22:42,146,stormtrooper,empire,1,1,1,5,Champala
2025-07-08 16:22:41,147,stormtrooper,empire,9,2,1,6,Eriadu
2025-07-08 16:22:40,148,tie_silencer,resistance,1,4,9,9,Toydaria
2025-07-08 16:22:39,149,resistance_soldier,resistance,9,7,8,3,Rodia
2025-07-08 16:22:38,150,unknown,resistance,5,7,8,9,Vulpter
2025-07-08 16:22:37,151,unknown,empire,8,10,9,1,Toydaria
2025-07-08 16:22:36,152,x-wing,empire,2,2,4,1,Serenno
2025-07-08 16:22:35,153,at-st,resistance,9,4,1,7,Trandosha
2025-07-08 16:22:34,154,at-at,resistance,10,1,6,1,Sullust
2025-07-08 16:22:33,155,unknown,empire,8,6,6,9,Umbara
2025-07-08 16:22:32,156,at-at,resistance,10,2,10,1,Troiken
2025-07-08 16:22:31,157,tie_fighter,resistance,4,2,6,3,Ryloth
2025-07-08 16:22:30,158,tie_silencer,empire,4,8,10,2,Serenno
2025-07-08 16:22:29,159,tie_fighter,empire,2,7,2,8,Umbara
2025-07-08 16:22:28,160,resistance_soldier,empire,9,2,10,3,Mirial
2025-07-08 16:22:27,161,stormtrooper,resistance,9,8,7,2,Troiken
2025-07-08 16:22:26,162,tie_silencer,empire,10,1,3,4,Muunilinst
2025-07-08 16:22:25,163,at-at,empire,5,7,8,9,Kalee
2025-07-08 16:22:24,164,stormtrooper,empire,8,7,1,9,Ojom
2025-07-08 16:22:23,165,tie_fighter,resistance,6,5,2,9,Iridonia
2025-07-08 16:22:22,166,at-at,empire,1,1,6,3,Aleen Minor
2025-07-08 16:22:21,167,tie_silencer,resistance,2,7,2,6,Tatooine
2025-07-08 16:22:20,168,x-wing,resistance,8,2,10,3,Cerea
2025-07-08 16:22:19,169,tie_fighter,empire,3,10,10,8,Zolan
2025-07-08 16:22:18,170,tie_silencer,resistance,7,7,5,10,Vulpter
2025-07-08 16:22:17,171,stormtrooper,empire,7,5,10,9,Ojom
2025-07-08 16:22:16,172,at-st,resistance,1,1,10,10,Dorin
2025-07-08 16:22:15,173,tie_fighter,empire,1,1,8,7,Malastare
2025-07-08 16:22:14,174,x-wing,resistance,2,8,5,1,Malastare
2025-07-08 16:22:13,175,at-at,resistance,5,7,4,1,Ojom
2025-07-08 16:22:12,176,tie_silencer,empire,2,6,1,8,Tund
2025-07-08 16:22:11,177,resistance_soldier,empire,1,1,10,4,Vulpter
2025-07-08 16:22:10,178,at-st,empire,4,10,3,2,Umbara
2025-07-08 16:22:09,179,stormtrooper,empire,4,7,9,2,Socorro
2025-07-08 16:22:08,180,at-at,empire,9,2,3,4,Iridonia
2025-07-08 16:22:07,181,x-wing,empire,10,8,1,2,Malastare
2025-07-08 16:22:06,182,tie_fighter,resistance,1,2,7,2,Iktotch
2025-07-08 16:22:05,183,at-at,resistance,7,7,2,7,Zolan
2025-07-08 16:22:04,184,x-wing,resistance,9,1,5,1,Chandrila
2025-07-08 16:22:03,185,tie_silencer,empire,8,8,10,4,Quermia
2025-07-08 16:22:02,186,at-at,empire,8,2,10,6,Trandosha
2025-07-08 16:22:01,187,resistance_soldier,resistance,2,5,9,9,Tatooine
2025-07-08 16:22:00,188,resistance_soldier,resistance,4,1,7,2,Kashyyyk
2025-07-08 16:21:59,189,tie_silencer,empire,4,8,10,4,Troiken
2025-07-08 16:21:58,190,at-at,resistance,2,4,1,4,Ryloth
2025-07-08 16:21:57,191,resistance_soldier,empire,8,4,3,4,Serenno
2025-07-08 16:21:56,192,tie_fighter,resistance,6,2,1,4,Troiken
2025-07-08 16:21:55,193,tie_silencer,empire,5,9,9,6,Iridonia
2025-07-08 16:21:54,194,resistance_soldier,resistance,3,7,9,7,Champala
2025-07-08 16:21:53,195,x-wing,empire,4,6,5,5,Tholoth
2025-07-08 16:21:52,196,tie_fighter,resistance,2,5,6,3,Iktotch
2025-07-08 16:21:51,197,at-at,empire,8,1,9,8,Skako
2025-07-08 16:21:50,198,resistance_soldier,resistance,9,4,8,1,Dorin
2025-07-08 16:21:49,199,at-at,empire,5,4,2,7,Aleen Minor
2025-07-08 16:21:48,200,resistance_soldier,empire,1,3,4,6,Serenno
2025-07-08 16:21:47,201,at-st,empire,8,9,9,9,Skako
2025-07-08 16:21:46,202,stormtrooper,resistance,7,1,9,10,Shili
2025-07-08 16:21:45,203,at-st,resistance,1,4,4,2,Iridonia
2025-07-08 16:21:44,204,tie_fighter,resistance,9,9,3,3,Rodia
2025-07-08 16:21:43,205,unknown,resistance,10,3,4,4,Kashyyyk
2025-07-08 16:21:42,206,unknown,resistance,5,6,10,10,Concord Dawn
2025-07-08 16:21:41,207,at-st,resistance,8,1,2,5,Naboo
2025-07-08 16:21:40,208,x-wing,empire,7,8,8,8,Naboo
2025-07-08 16:21:39,209,tie_fighter,resistance,1,9,3,1,Cerea
2025-07-08 16:21:38,210,unknown,empire,9,2,9,6,Cerea
2025-07-08 16:21:37,211,at-st,resistance,7,10,3,6,Haruun Kal
2025-07-08 16:21:36,212,at-at,empire,10,4,7,2,Aleen Minor
2025-07-08 16:21:35,213,tie_silencer,empire,4,6,4,2,Dagobah
2025-07-08 16:21:34,214,at-at,empire,1,9,6,4,Quermia
2025-07-08 16:21:33,215,x-wing,resistance,4,10,9,6,Trandosha
2025-07-08 16:21:32,216,at-at,empire,6,9,3,6,Troiken
2025-07-08 16:21:31,217,tie_silencer,empire,6,10,1,9,Zolan
2025-07-08 16:21:30,218,at-st,resistance,9,2,1,9,Rodia
2025-07-08 16:21:29,219,at-st,empire,10,4,4,10,Naboo
2025-07-08 16:21:28,220,tie_silencer,empire,3,1,10,7,Eriadu
2025-07-08 16:21:27,221,at-st,empire,9,6,2,5,Haruun Kal
2025-07-08 16:21:26,222,tie_fighter,empire,9,7,2,4,Dagobah
2025-07-08 16:21:25,223,tie_fighter,empire,8,2,5,4,Dorin
2025-07-08 16:21:24,224,tie_fighter,resistance,10,7,6,3,Stewjon
2025-07-08 16:21:23,225,unknown,empire,1,2,6,9,Shili
2025-07-08 16:21:22,226,x-wing,resistance,3,7,3,2,Bestine IV
2025-07-08 16:21:21,227,unknown,resistance,1,8,10,7,Glee Anselm
2025-07-08 16:21:20,228,at-st,empire,6,10,6,3,Ojom
2025-07-08 16:21:19,229,unknown,empire,3,1,10,1,Malastare
2025-07-08 16:21:18,230,at-at,resistance,10,9,2,4,Tholoth
2025-07-08 16:21:17,231,at-at,resistance,5,9,9,1,Alderaan
2025-07-08 16:21:16,232,stormtrooper,empire,10,1,3,5,Umbara
2025-07-08 16:21:15,233,x-wing,empire,8,6,2,4,Umbara
2025-07-08 16:21:14,234,resistance_soldier,resistance,5,3,10,10,Iktotch
2025-07-08 16:21:13,235,tie_fighter,resistance,9,10,5,6,Troiken
2025-07-08 16:21:12,236,at-st,empire,4,9,4,3,Tholoth
2025-07-08 16:21:11,237,tie_fighter,empire,5,6,9,4,Muunilinst
2025-07-08 16:21:10,238,tie_fighter,empire,1,10,5,1,Tatooine
2025-07-08 16:21:09,239,resistance_soldier,resistance,3,5,3,9,Cerea
2025-07-08 16:21:08,240,x-wing,empire,2,10,10,4,Trandosha
2025-07-08 16:21:07,241,x-wing,empire,4,3,2,2,Naboo
2025-07-08 16:21:06,242,x-wing,empire,9,5,4,7,Quermia
2025-07-08 16:21:05,243,at-at,empire,1,10,3,5,Aleen Minor
2025-07-08 16:21:04,244,unknown,resistance,7,4,7,6,Chandrila
2025-07-08 16:21:03,245,tie_silencer,empire,5,9,2,6,Tatooine
2025-07-08 16:21:02,246,x-wing,empire,6,3,9,1,Troiken
2025-07-08 16:21:01,247,at-st,resistance,2,3,3,6,Concord Dawn
2025-07-08 16:21:00,248,unknown,resistance,4,4,1,4,Sullust
2025-07-08 16:20:59,249,unknown,resistance,3,1,8,1,Iridonia
2025-07-08 16:20:58,250,at-at,empire,6,4,9,9,Corellia
2025-07-08 16:20:57,251,resistance_soldier,empire,9,9,3,10,Naboo
2025-07-08 16:20:56,252,x-wing,empire,2,8,2,8,Haruun Kal
2025-07-08 16:20:55,253,tie_silencer,resistance,2,3,2,10,Rodia
2025-07-08 16:20:54,254,resistance_soldier,empire,4,7,9,3,Iktotch
2025-07-08 16:20:53,255,unknown,empire,1,10,10,2,Tund
2025-07-08 16:20:52,256,at-at,resistance,9,2,2,9,Rodia
2025-07-08 16:20:51,257,tie_silencer,resistance,1,6,2,3,Skako
2025-07-08 16:20:50,258,stormtrooper,empire,2,10,1,5,Socorro
2025-07-08 16:20:49,259,unknown,resistance,5,8,1,1,Concord Dawn
2025-07-08 16:20:48,260,at-st,empire,1,3,2,5,Troiken
2025-07-08 16:20:47,261,resistance_soldier,empire,4,9,8,8,Corellia
2025-07-08 16:20:46,262,tie_fighter,empire,2,9,6,6,Dathomir
2025-07-08 16:20:45,263,unknown,empire,2,4,6,5,Vulpter
2025-07-08 16:20:44,264,x-wing,resistance,1,1,4,2,Haruun Kal
2025-07-08 16:20:43,265,unknown,resistance,6,2,7,3,Sullust
2025-07-08 16:20:42,266,resistance_soldier,empire,4,7,10,2,Ojom
2025-07-08 16:20:41,267,at-st,empire,8,9,8,3,Toydaria
2025-07-08 16:20:40,268,resistance_soldier,resistance,1,3,5,8,Ryloth
2025-07-08 16:20:39,269,tie_silencer,empire,3,4,5,9,Kashyyyk
2025-07-08 16:20:38,270,resistance_soldier,empire,10,5,9,2,Champala
2025-07-08 16:20:37,271,tie_silencer,resistance,2,1,3,8,Glee Anselm
2025-07-08 16:20:36,272,tie_silencer,empire,8,4,10,8,Eriadu
2025-07-08 16:20:35,273,tie_silencer,empire,10,1,8,5,Rodia
2025-07-08 16:20:34,274,at-at,empire,10,2,2,10,Naboo
2025-07-08 16:20:33,275,stormtrooper,resistance,6,1,2,6,Cerea
2025-07-08 16:20:32,276,tie_fighter,resistance,3,7,6,3,Muunilinst
2025-07-08 16:20:31,277,tie_silencer,empire,6,8,2,9,Eriadu
2025-07-08 16:20:30,278,resistance_soldier,empire,7,8,9,3,Trandosha
2025-07-08 16:20:29,279,unknown,resistance,3,4,10,6,Naboo
2025-07-08 16:20:28,280,at-st,resistance,2,9,7,4,Serenno
2025-07-08 16:20:27,281,at-at,resistance,7,4,2,8,Haruun Kal
2025-07-08 16:20:26,282,x-wing,resistance,5,8,5,3,Chandrila
2025-07-08 16:20:25,283,resistance_soldier,empire,10,7,6,1,Stewjon
2025-07-08 16:20:24,284,tie_silencer,empire,5,7,7,6,Trandosha
2025-07-08 16:20:23,285,at-st,empire,2,3,10,2,Ojom
2025-07-08 16:20:22,286,x-wing,empire,2,5,10,8,Trandosha
2025-07-08 16:20:21,287,stormtrooper,empire,5,10,1,1,Tund
2025-07-08 16:20:20,288,resistance_soldier,empire,10,6,9,3,Eriadu
2025-07-08 16:20:19,289,tie_fighter,empire,8,1,9,10,Malastare
2025-07-08 16:20:18,290,at-at,empire,8,6,7,8,Tatooine
2025-07-08 16:20:17,291,resistance_soldier,empire,7,7,2,5,Serenno
2025-07-08 16:20:16,292,tie_fighter,empire,10,10,9,3,Cerea
2025-07-08 16:20:15,293,stormtrooper,empire,1,8,9,8,Tund
2025-07-08 16:20:14,294,x-wing,empire,10,6,4,5,Cerea
2025-07-08 16:20:13,295,tie_fighter,resistance,3,3,1,8,Alderaan
2025-07-08 16:20:12,296,at-at,empire,7,3,2,2,Zolan
2025-07-08 16:20:11,297,tie_silencer,resistance,6,7,8,6,Dorin
2025-07-08 16:20:10,298,at-at,empire,5,4,6,2,Tund
2025-07-08 16:20:09,299,tie_silencer,empire,4,8,5,4,Champala
2025-07-08 16:20:08,300,stormtrooper,empire,3,2,9,3,Chandrila
2025-07-08 16:20:07,301,tie_silencer,empire,10,2,8,4,Iktotch
2025-07-08 16:20:06,302,resistance_soldier,empire,5,4,8,9,Toydaria
2025-07-08 16:20:05,303,stormtrooper,resistance,7,7,6,2,Socorro
2025-07-08 16:20:04,304,stormtrooper,empire,3,3,4,10,Champala
2025-07-08 16:20:03,305,at-st,resistance,3,8,5,5,Iridonia
2025-07-08 16:20:02,306,tie_silencer,empire,4,7,10,10,Vulpter
2025-07-08 16:20:01,307,resistance_soldier,resistance,8,1,3,1,Zolan
2025-07-08 16:20:00,308,stormtrooper,resistance,5,8,5,1,Quermia
2025-07-08 16:19:59,309,tie_fighter,empire,7,3,6,7,Tholoth
2025-07-08 16:19:58,310,tie_silencer,resistance,1,10,7,1,Socorro
2025-07-08 16:19:57,311,resistance_soldier,resistance,7,5,1,1,Serenno
2025-07-08 16:19:56,312,x-wing,empire,7,3,7,3,Aleen Minor
2025-07-08 16:19:55,313,unknown,empire,5,6,2,7,Mirial
2025-07-08 16:19:54,314,unknown,empire,8,5,2,3,Trandosha
2025-07-08 16:19:53,315,tie_fighter,resistance,7,2,3,3,Tatooine
2025-07-08 16:19:52,316,tie_silencer,empire,1,1,6,3,Stewjon
2025-07-08 16:19:51,317,tie_fighter,resistance,2,4,2,8,Dathomir
2025-07-08 16:19:50,318,stormtrooper,empire,4,9,6,6,Shili
2025-07-08 16:19:49,319,at-st,resistance,7,8,4,2,Rodia
2025-07-08 16:19:48,320,at-st,resistance,7,3,10,5,Skako
2025-07-08 16:19:47,321,resistance_soldier,resistance,6,1,6,1,Rodia
2025-07-08 16:19:46,322,resistance_soldier,empire,8,1,3,8,Tund
2025-07-08 16:19:45,323,stormtrooper,empire,7,4,7,6,Ryloth
2025-07-08 16:19:44,324,x-wing,resistance,4,3,2,9,Shili
2025-07-08 16:19:43,325,stormtrooper,resistance,4,5,8,4,Bestine IV
2025-07-08 16:19:42,326,tie_fighter,resistance,3,8,8,8,Naboo
2025-07-08 16:19:41,327,tie_silencer,resistance,9,10,1,4,Kalee
2025-07-08 16:19:40,328,x-wing,empire,9,10,6,5,Mirial
2025-07-08 16:19:39,329,at-at,empire,10,6,5,8,Champala
2025-07-08 16:19:38,330,tie_silencer,resistance,3,3,4,7,Mon Cala
2025-07-08 16:19:37,331,stormtrooper,resistance,6,7,5,9,Sullust
2025-07-08 16:19:36,332,tie_fighter,empire,1,6,3,6,Quermia
2025-07-08 16:19:35,333,resistance_soldier,resistance,10,8,5,8,Chandrila
2025-07-08 16:19:34,334,tie_fighter,resistance,8,5,3,9,Malastare
2025-07-08 16:19:33,335,stormtrooper,resistance,6,9,2,2,Haruun Kal
2025-07-08 16:19:32,336,unknown,resistance,5,8,7,8,Rodia
2025-07-08 16:19:31,337,tie_fighter,resistance,6,3,3,7,Malastare
2025-07-08 16:19:30,338,unknown,resistance,5,9,6,8,Kalee
2025-07-08 16:19:29,339,resistance_soldier,resistance,1,1,9,1,Ryloth
2025-07-08 16:19:28,340,stormtrooper,resistance,3,6,2,10,Iridonia
2025-07-08 16:19:27,341,unknown,empire,7,10,9,5,Skako
2025-07-08 16:19:26,342,stormtrooper,empire,6,7,6,1,Dagobah
2025-07-08 16:19:25,343,at-at,empire,2,1,5,5,Malastare
2025-07-08 16:19:24,344,at-st,resistance,7,5,1,5,Mon Cala
2025-07-08 16:19:23,345,tie_silencer,resistance,4,5,9,8,Corellia
2025-07-08 16:19:22,346,unknown,empire,6,5,7,7,Serenno
2025-07-08 16:19:21,347,stormtrooper,resistance,6,7,4,10,Glee Anselm
2025-07-08 16:19:20,348,tie_silencer,empire,2,1,7,3,Stewjon
2025-07-08 16:19:19,349,tie_fighter,resistance,8,7,10,8,Tatooine
2025-07-08 16:19:18,350,at-st,empire,2,1,5,3,Dagobah
2025-07-08 16:19:17,351,unknown,empire,2,1,1,2,Tholoth
2025-07-08 16:19:16,352,unknown,resistance,7,3,2,2,Quermia
2025-07-08 16:19:15,353,tie_fighter,empire,6,9,7,9,Serenno
2025-07-08 16:19:14,354,at-at,empire,8,7,10,5,Tund
2025-07-08 16:19:13,355,resistance_soldier,empire,1,9,3,6,Eriadu
2025-07-08 16:19:12,356,unknown,resistance,2,4,10,8,Champala
2025-07-08 16:19:11,357,tie_fighter,empire,8,5,2,2,Muunilinst
2025-07-08 16:19:10,358,at-st,empire,1,10,2,8,Zolan
2025-07-08 16:19:09,359,x-wing,resistance,6,6,3,9,Troiken
2025-07-08 16:19:08,360,tie_fighter,empire,7,4,8,7,Zolan
2025-07-08 16:19:07,361,unknown,resistance,4,10,8,9,Umbara
2025-07-08 16:19:06,362,unknown,resistance,1,9,2,8,Champala
2025-07-08 16:19:05,363,resistance_soldier,resistance,4,6,8,2,Glee Anselm
2025-07-08 16:19:04,364,tie_fighter,empire,10,1,4,10,Dathomir
2025-07-08 16:19:03,365,x-wing,resistance,3,2,2,3,Ojom
2025-07-08 16:19:02,366,unknown,resistance,9,2,7,10,Alderaan
2025-07-08 16:19:01,367,at-at,empire,4,3,10,5,Haruun Kal
2025-07-08 16:19:00,368,tie_fighter,resistance,6,8,7,8,Quermia
2025-07-08 16:18:59,369,x-wing,empire,6,4,3,9,Toydaria
2025-07-08 16:18:58,370,tie_silencer,empire,10,8,8,6,Corellia
2025-07-08 16:18:57,371,resistance_soldier,resistance,6,7,3,4,Iktotch
2025-07-08 16:18:56,372,unknown,resistance,6,1,1,4,Alderaan
2025-07-08 16:18:55,373,tie_fighter,resistance,7,6,1,3,Iktotch
2025-07-08 16:18:54,374,unknown,empire,9,9,9,8,Dorin
2025-07-08 16:18:53,375,at-st,empire,3,7,2,2,Dorin
2025-07-08 16:18:52,376,at-st,resistance,8,8,6,2,Tholoth
2025-07-08 16:18:51,377,stormtrooper,resistance,6,4,10,8,Dagobah
2025-07-08 16:18:50,378,tie_silencer,resistance,10,2,2,2,Tholoth
2025-07-08 16:18:49,379,at-at,empire,1,2,9,6,Corellia
2025-07-08 16:18:48,380,at-at,empire,6,9,1,9,Umbara
2025-07-08 16:18:47,381,stormtrooper,empire,1,3,3,1,Corellia
2025-07-08 16:18:46,382,stormtrooper,empire,5,2,8,6,Champala
2025-07-08 16:18:45,383,stormtrooper,empire,10,10,7,4,Skako
2025-07-08 16:18:44,384,at-at,empire,5,7,7,6,Trandosha
2025-07-08 16:18:43,385,resistance_soldier,resistance,6,10,3,4,Iktotch
2025-07-08 16:18:42,386,stormtrooper,resistance,1,7,2,9,Tatooine
2025-07-08 16:18:41,387,tie_fighter,empire,6,2,4,5,Toydaria
2025-07-08 16:18:40,388,resistance_soldier,resistance,1,6,6,6,Sullust
2025-07-08 16:18:39,389,at-st,empire,5,9,3,5,Chandrila
2025-07-08 16:18:38,390,resistance_soldier,resistance,6,4,4,2,Haruun Kal
2025-07-08 16:18:37,391,stormtrooper,resistance,7,10,8,6,Troiken
2025-07-08 16:18:36,392,tie_fighter,empire,9,9,2,4,Kalee
2025-07-08 16:18:35,393,stormtrooper,resistance,5,3,3,2,Iridonia
2025-07-08 16:18:34,394,tie_fighter,resistance,1,10,2,8,Rodia
2025-07-08 16:18:33,395,tie_fighter,resistance,3,4,10,7,Alderaan
2025-07-08 16:18:32,396,unknown,resistance,9,4,7,7,Rodia
2025-07-08 16:18:31,397,resistance_soldier,resistance,8,8,8,1,Mon Cala
2025-07-08 16:18:30,398,x-wing,resistance,10,8,1,7,Bestine IV
2025-07-08 16:18:29,399,x-wing,resistance,9,10,3,4,Vulpter
2025-07-08 16:18:28,400,resistance_soldier,resistance,5,9,8,1,Quermia
2025-07-08 16:18:27,401,tie_silencer,resistance,6,8,8,3,Chandrila
2025-07-08 16:18:26,402,unknown,resistance,10,8,10,10,Iridonia
2025-07-08 16:18:25,403,at-at,resistance,6,2,6,5,Mon Cala
2025-07-08 16:18:24,404,resistance_soldier,empire,8,8,9,3,Toydaria
2025-07-08 16:18:23,405,tie_fighter,empire,3,5,9,4,Eriadu
2025-07-08 16:18:22,406,resistance_soldier,empire,8,9,7,7,Tatooine
2025-07-08 16:18:21,407,unknown,resistance,6,6,2,3,Vulpter
2025-07-08 16:18:20,408,x-wing,resistance,2,6,2,10,Sullust
2025-07-08 16:18:19,409,at-st,resistance,3,9,2,2,Tholoth
2025-07-08 16:18:18,410,tie_fighter,empire,10,4,7,9,Quermia
2025-07-08 16:18:17,411,at-at,empire,1,10,9,6,Corellia
2025-07-08 16:18:16,412,at-at,empire,2,2,4,9,Tund
2025-07-08 16:18:15,413,at-at,resistance,8,1,2,7,Troiken
2025-07-08 16:18:14,414,x-wing,resistance,2,3,9,4,Chandrila
2025-07-08 16:18:13,415,unknown,resistance,3,7,5,3,Troiken
2025-07-08 16:18:12,416,stormtrooper,resistance,4,7,6,6,Mirial
2025-07-08 16:18:11,417,stormtrooper,resistance,8,7,7,10,Haruun Kal
2025-07-08 16:18:10,418,x-wing,resistance,8,5,10,6,Skako
2025-07-08 16:18:09,419,x-wing,empire,7,5,8,1,Ojom
2025-07-08 16:18:08,420,resistance_soldier,empire,9,10,3,4,Tholoth
2025-07-08 16:18:07,421,resistance_soldier,resistance,4,9,3,10,Eriadu
2025-07-08 16:18:06,422,at-at,resistance,9,5,8,2,Eriadu
2025-07-08 16:18:05,423,unknown,resistance,6,7,3,1,Kalee
2025-07-08 16:18:04,424,stormtrooper,resistance,9,7,3,2,Mon Cala
2025-07-08 16:18:03,425,resistance_soldier,empire,2,4,3,3,Ojom
2025-07-08 16:18:02,426,tie_fighter,resistance,7,7,9,8,Toydaria
2025-07-08 16:18:01,427,tie_silencer,empire,9,4,6,10,Muunilinst
2025-07-08 16:18:00,428,unknown,empire,1,2,8,1,Muunilinst
2025-07-08 16:17:59,429,tie_fighter,empire,5,1,3,5,Shili
2025-07-08 16:17:58,430,at-st,resistance,3,4,10,7,Alderaan
2025-07-08 16:17:57,431,at-at,resistance,10,5,5,10,Kalee
2025-07-08 16:17:56,432,stormtrooper,resistance,8,6,7,1,Bestine IV
2025-07-08 16:17:55,433,x-wing,empire,9,7,7,8,Dathomir
2025-07-08 16:17:54,434,unknown,empire,1,9,5,4,Cerea
2025-07-08 16:17:53,435,tie_silencer,empire,8,2,10,3,Toydaria
2025-07-08 16:17:52,436,tie_silencer,empire,7,10,7,3,Serenno
2025-07-08 16:17:51,437,tie_silencer,empire,8,2,6,3,Tatooine
2025-07-08 16:17:50,438,stormtrooper,empire,2,10,6,1,Dathomir
2025-07-08 16:17:49,439,tie_fighter,resistance,4,1,7,8,Sullust
2025-07-08 16:17:48,440,stormtrooper,empire,4,7,7,6,Quermia
2025-07-08 16:17:47,441,x-wing,resistance,9,10,3,6,Bestine IV
2025-07-08 16:17:46,442,x-wing,resistance,2,9,9,2,Dathomir
2025-07-08 16:17:45,443,resistance_soldier,resistance,1,6,6,4,Naboo
2025-07-08 16:17:44,444,unknown,empire,9,9,10,4,Serenno
2025-07-08 16:17:43,445,resistance_soldier,resistance,5,9,4,9,Dagobah
2025-07-08 16:17:42,446,tie_silencer,empire,1,3,9,6,Naboo
2025-07-08 16:17:41,447,x-wing,resistance,10,9,3,4,Tatooine
2025-07-08 16:17:40,448,tie_fighter,resistance,7,8,7,9,Sullust
2025-07-08 16:17:39,449,x-wing,empire,5,7,8,5,Rodia
2025-07-08 16:17:38,450,x-wing,empire,1,5,3,1,Naboo
2025-07-08 16:17:37,451,tie_fighter,resistance,1,8,8,7,Haruun Kal
2025-07-08 16:17:36,452,resistance_soldier,empire,10,4,4,4,Champala
2025-07-08 16:17:35,453,at-st,resistance,1,3,10,7,Iridonia
2025-07-08 16:17:34,454,resistance_soldier,empire,8,2,4,1,Corellia
2025-07-08 16:17:33,455,tie_fighter,empire,3,5,9,3,Toydaria
2025-07-08 16:17:32,456,tie_silencer,resistance,5,4,1,1,Cerea
2025-07-08 16:17:31,457,unknown,resistance,8,1,8,8,Iridonia
2025-07-08 16:17:30,458,x-wing,empire,1,9,8,1,Kalee
2025-07-08 16:17:29,459,at-at,empire,5,3,2,5,Concord Dawn
2025-07-08 16:17:28,460,resistance_soldier,resistance,5,9,1,6,Toydaria
2025-07-08 16:17:27,461,stormtrooper,empire,4,2,8,6,Socorro
2025-07-08 16:17:26,462,tie_fighter,resistance,9,5,5,9,Aleen Minor
2025-07-08 16:17:25,463,tie_silencer,empire,5,7,1,9,Iktotch
2025-07-08 16:17:24,464,x-wing,resistance,9,4,7,9,Kalee
2025-07-08 16:17:23,465,at-st,resistance,5,7,10,9,Alderaan
2025-07-08 16:17:22,466,unknown,resistance,6,5,6,10,Eriadu
2025-07-08 16:17:21,467,at-at,resistance,4,1,8,8,Alderaan
2025-07-08 16:17:20,468,tie_fighter,resistance,2,10,6,8,Dorin
2025-07-08 16:17:19,469,x-wing,resistance,9,9,7,2,Champala
2025-07-08 16:17:18,470,at-at,resistance,3,2,10,5,Socorro
2025-07-08 16:17:17,471,x-wing,empire,7,4,10,9,Ojom
2025-07-08 16:17:16,472,resistance_soldier,resistance,9,4,3,6,Glee Anselm
2025-07-08 16:17:15,473,stormtrooper,resistance,9,6,9,10,Sullust
2025-07-08 16:17:14,474,stormtrooper,empire,9,5,2,10,Dagobah
2025-07-08 16:17:13,475,at-st,empire,9,5,3,3,Skako
2025-07-08 16:17:12,476,at-st,empire,9,2,10,5,Serenno
2025-07-08 16:17:11,477,stormtrooper,resistance,6,6,9,9,Trandosha
2025-07-08 16:17:10,478,tie_fighter,empire,8,6,9,2,Stewjon
2025-07-08 16:17:09,479,stormtrooper,empire,10,5,2,10,Shili
2025-07-08 16:17:08,480,x-wing,empire,2,1,3,5,Eriadu
2025-07-08 16:17:07,481,tie_fighter,empire,2,10,1,10,Toydaria
2025-07-08 16:17:06,482,unknown,resistance,5,5,7,5,Cerea
2025-07-08 16:17:05,483,resistance_soldier,resistance,8,7,8,3,Bestine IV
2025-07-08 16:17:04,484,at-at,resistance,4,4,4,9,Zolan
2025-07-08 16:17:03,485,x-wing,empire,1,1,5,2,Concord Dawn
2025-07-08 16:17:02,486,tie_silencer,resistance,4,10,2,10,Mon Cala
2025-07-08 16:17:01,487,stormtrooper,empire,1,7,7,2,Bestine IV
2025-07-08 16:17:00,488,at-st,resistance,9,8,2,2,Dathomir
2025-07-08 16:16:59,489,at-st,empire,4,3,5,8,Glee Anselm
2025-07-08 16:16:58,490,resistance_soldier,empire,4,4,5,2,Troiken
2025-07-08 16:16:57,491,stormtrooper,empire,3,7,6,5,Dagobah
2025-07-08 16:16:56,492,at-at,empire,8,4,3,3,Muunilinst
2025-07-08 16:16:55,493,stormtrooper,empire,1,4,3,8,Dorin
2025-07-08 16:16:54,494,tie_fighter,resistance,8,6,5,1,Kashyyyk
2025-07-08 16:16:53,495,at-st,resistance,3,9,1,8,Iktotch
2025-07-08 16:16:52,496,stormtrooper,empire,6,3,3,8,Cerea
2025-07-08 16:16:51,497,at-st,empire,4,1,9,8,Corellia
2025-07-08 16:16:50,498,x-wing,resistance,5,5,2,2,Glee Anselm
2025-07-08 16:16:49,499,at-at,empire,5,8,1,7,Tatooine
2025-07-08 16:16:48,500,at-st,resistance,1,1,10,2,Rodia
2025-07-08 16:16:47,501,stormtrooper,resistance,8,6,7,5,Dathomir
2025-07-08 16:16:46,502,tie_silencer,empire,2,7,10,7,Mirial
2025-07-08 16:16:45,503,tie_silencer,resistance,9,4,1,4,Iridonia
2025-07-08 16:16:44,504,tie_fighter,empire,5,7,7,1,Iridonia
2025-07-08 16:16:43,505,at-at,resistance,1,8,9,8,Shili
2025-07-08 16:16:42,506,tie_fighter,empire,8,6,8,8,Zolan
2025-07-08 16:16:41,507,at-st,resistance,1,6,8,3,Ojom
2025-07-08 16:16:40,508,at-st,empire,6,1,6,1,Iridonia
2025-07-08 16:16:39,509,tie_fighter,empire,1,7,5,4,Shili
2025-07-08 16:16:38,510,stormtrooper,empire,9,4,5,5,Dorin
2025-07-08 16:16:37,511,at-at,resistance,4,2,2,6,Corellia
2025-07-08 16:16:36,512,at-at,empire,7,8,4,9,Cerea
2025-07-08 16:16:35,513,tie_silencer,empire,10,8,3,4,Serenno
2025-07-08 16:16:34,514,tie_silencer,resistance,5,9,10,10,Tund
2025-07-08 16:16:33,515,x-wing,empire,2,6,4,8,Mirial
2025-07-08 16:16:32,516,tie_fighter,resistance,6,8,2,5,Vulpter
2025-07-08 16:16:31,517,x-wing,empire,8,2,5,6,Dagobah
2025-07-08 16:16:30,518,at-at,empire,1,10,2,8,Tholoth
2025-07-08 16:16:29,519,at-at,resistance,8,4,5,6,Ryloth
2025-07-08 16:16:28,520,x-wing,empire,8,2,5,7,Tholoth
2025-07-08 16:16:27,521,stormtrooper,resistance,10,10,6,1,Sullust
2025-07-08 16:16:26,522,tie_fighter,empire,10,6,7,10,Eriadu
2025-07-08 16:16:25,523,unknown,resistance,1,9,8,7,Dagobah
2025-07-08 16:16:24,524,at-st,empire,1,2,3,5,Malastare
2025-07-08 16:16:23,525,at-st,resistance,6,2,7,7,Concord Dawn
2025-07-08 16:16:22,526,at-at,empire,7,3,1,9,Rodia
2025-07-08 16:16:21,527,resistance_soldier,empire,2,8,1,5,Concord Dawn
2025-07-08 16:16:20,528,x-wing,resistance,4,8,7,3,Eriadu
2025-07-08 16:16:19,529,unknown,resistance,4,2,7,3,Haruun Kal
2025-07-08 16:16:18,530,unknown,empire,7,7,1,4,Muunilinst
2025-07-08 16:16:17,531,at-st,resistance,8,6,4,8,Tholoth
2025-07-08 16:16:16,532,at-at,empire,8,3,7,5,Tund
2025-07-08 16:16:15,533,at-st,resistance,4,6,9,10,Umbara
2025-07-08 16:16:14,534,tie_fighter,resistance,6,4,4,4,Mirial
2025-07-08 16:16:13,535,at-st,empire,2,10,4,5,Dorin
2025-07-08 16:16:12,536,tie_silencer,empire,6,4,2,3,Trandosha
2025-07-08 16:16:11,537,at-at,resistance,8,6,5,6,Shili
2025-07-08 16:16:10,538,tie_fighter,resistance,8,8,6,3,Dorin
2025-07-08 16:16:09,539,resistance_soldier,resistance,1,3,9,10,Tatooine
2025-07-08 16:16:08,540,at-st,empire,3,10,9,2,Tund
2025-07-08 16:16:07,541,tie_fighter,empire,1,1,2,2,Haruun Kal
2025-07-08 16:16:06,542,tie_fighter,empire,7,5,7,1,Stewjon
2025-07-08 16:16:05,543,at-at,resistance,4,10,1,9,Umbara
2025-07-08 16:16:04,544,tie_fighter,resistance,9,5,10,9,Ojom
2025-07-08 16:16:03,545,at-at,resistance,2,6,5,4,Socorro
2025-07-08 16:16:02,546,stormtrooper,empire,2,5,6,10,Muunilinst
2025-07-08 16:16:01,547,unknown,empire,5,7,10,2,Tatooine
2025-07-08 16:16:00,548,at-at,resistance,7,7,8,1,Champala
2025-07-08 16:15:59,549,unknown,empire,6,6,6,6,Muunilinst
2025-07-08 16:15:58,550,x-wing,empire,9,1,4,5,Mon Cala
2025-07-08 16:15:57,551,resistance_soldier,empire,9,2,8,3,Ojom
2025-07-08 16:15:56,552,stormtrooper,empire,7,8,4,2,Muunilinst
2025-07-08 16:15:55,553,tie_fighter,resistance,10,5,3,3,Iridonia
2025-07-08 16:15:54,554,at-st,empire,6,2,7,10,Tholoth
2025-07-08 16:15:53,555,at-at,empire,6,1,6,4,Tholoth
2025-07-08 16:15:52,556,tie_fighter,empire,8,5,10,10,Dagobah
2025-07-08 16:15:51,557,at-st,resistance,5,4,10,8,Mon Cala
2025-07-08 16:15:50,558,stormtrooper,resistance,6,10,1,2,Tholoth
2025-07-08 16:15:49,559,stormtrooper,empire,8,4,6,8,Muunilinst
2025-07-08 16:15:48,560,tie_silencer,resistance,7,6,2,8,Cerea
2025-07-08 16:15:47,561,x-wing,resistance,8,7,4,9,Kashyyyk
2025-07-08 16:15:46,562,at-st,empire,9,4,10,10,Concord Dawn
2025-07-08 16:15:45,563,resistance_soldier,empire,6,7,7,7,Quermia
2025-07-08 16:15:44,564,at-at,empire,5,8,1,5,Iridonia
2025-07-08 16:15:43,565,at-at,empire,1,4,10,7,Haruun Kal
2025-07-08 16:15:42,566,unknown,resistance,3,6,7,6,Shili
2025-07-08 16:15:41,567,unknown,empire,8,9,4,6,Trandosha
2025-07-08 16:15:40,568,at-st,resistance,1,5,10,2,Socorro
2025-07-08 16:15:39,569,unknown,resistance,1,5,3,10,Mon Cala
2025-07-08 16:15:38,570,x-wing,resistance,7,6,7,4,Dorin
2025-07-08 16:15:37,571,tie_fighter,resistance,1,6,1,3,Aleen Minor
2025-07-08 16:15:36,572,at-at,empire,2,7,7,10,Corellia
2025-07-08 16:15:35,573,unknown,resistance,9,7,3,3,Ojom
2025-07-08 16:15:34,574,tie_fighter,empire,2,3,5,8,Troiken
2025-07-08 16:15:33,575,unknown,resistance,8,2,3,2,Mon Cala
2025-07-08 16:15:32,576,at-at,empire,9,10,3,5,Stewjon
2025-07-08 16:15:31,577,stormtrooper,resistance,1,6,10,7,Sullust
2025-07-08 16:15:30,578,stormtrooper,resistance,1,5,5,1,Kashyyyk
2025-07-08 16:15:29,579,at-at,empire,4,1,7,2,Concord Dawn
2025-07-08 16:15:28,580,x-wing,resistance,10,9,5,5,Naboo
2025-07-08 16:15:27,581,tie_fighter,empire,1,1,8,6,Malastare
2025-07-08 16:15:26,582,resistance_soldier,empire,7,6,5,10,Zolan
2025-07-08 16:15:25,583,tie_silencer,empire,9,8,1,2,Concord Dawn
2025-07-08 16:15:24,584,x-wing,resistance,8,3,9,7,Mirial
2025-07-08 16:15:23,585,unknown,empire,10,6,3,8,Rodia
2025-07-08 16:15:22,586,tie_silencer,empire,8,6,7,5,Tund
2025-07-08 16:15:21,587,x-wing,empire,10,5,3,8,Ojom
2025-07-08 16:15:20,588,tie_fighter,resistance,3,2,1,5,Troiken
2025-07-08 16:15:19,589,tie_silencer,resistance,9,6,2,7,Rodia
2025-07-08 16:15:18,590,at-at,resistance,5,9,10,6,Alderaan
2025-07-08 16:15:17,591,x-wing,resistance,4,9,10,10,Champala
2025-07-08 16:15:16,592,resistance_soldier,resistance,3,8,3,7,Champala
2025-07-08 16:15:15,593,at-st,empire,2,4,9,6,Quermia
2025-07-08 16:15:14,594,unknown,resistance,2,8,6,4,Shili
2025-07-08 16:15:13,595,stormtrooper,empire,8,7,4,7,Tund
2025-07-08 16:15:12,596,x-wing,empire,7,5,8,4,Ryloth
2025-07-08 16:15:11,597,resistance_soldier,empire,1,10,9,2,Malastare
2025-07-08 16:15:10,598,stormtrooper,empire,8,5,8,2,Tund
2025-07-08 16:15:09,599,resistance_soldier,empire,4,3,4,9,Toydaria
2025-07-08 16:15:08,600,stormtrooper,empire,2,1,4,1,Socorro
2025-07-08 16:15:07,601,unknown,resistance,5,10,7,8,Trandosha
2025-07-08 16:15:06,602,tie_fighter,empire,10,6,9,3,Iridonia
2025-07-08 16:15:05,603,stormtrooper,empire,2,4,2,10,Champala
2025-07-08 16:15:04,604,stormtrooper,empire,7,5,10,5,Ojom
2025-07-08 16:15:03,605,at-at,empire,3,6,6,10,Rodia
2025-07-08 16:15:02,606,x-wing,empire,9,5,7,10,Aleen Minor
2025-07-08 16:15:01,607,stormtrooper,empire,9,3,9,6,Quermia
2025-07-08 16:15:00,608,at-at,empire,5,3,2,5,Toydaria
2025-07-08 16:14:59,609,at-at,resistance,4,8,6,8,Dathomir
2025-07-08 16:14:58,610,at-st,resistance,6,8,2,1,Alderaan
2025-07-08 16:14:57,611,at-at,resistance,7,2,6,3,Haruun Kal
2025-07-08 16:14:56,612,tie_fighter,empire,5,10,6,1,Muunilinst
2025-07-08 16:14:55,613,at-st,resistance,10,4,2,10,Tatooine
2025-07-08 16:14:54,614,tie_silencer,empire,9,8,3,3,Malastare
2025-07-08 16:14:53,615,at-st,resistance,3,5,8,9,Skako
2025-07-08 16:14:52,616,at-at,resistance,5,2,1,9,Mon Cala
2025-07-08 16:14:51,617,unknown,empire,6,9,8,7,Haruun Kal
2025-07-08 16:14:50,618,at-at,resistance,1,5,9,8,Concord Dawn
2025-07-08 16:14:49,619,stormtrooper,resistance,2,8,4,5,Iridonia
2025-07-08 16:14:48,620,x-wing,empire,2,5,6,7,Toydaria
2025-07-08 16:14:47,621,at-st,resistance,4,8,7,3,Chandrila
2025-07-08 16:14:46,622,stormtrooper,resistance,3,6,8,10,Ojom
2025-07-08 16:14:45,623,tie_silencer,empire,5,9,1,2,Tatooine
2025-07-08 16:14:44,624,at-st,resistance,2,3,10,4,Haruun Kal
2025-07-08 16:14:43,625,tie_silencer,resistance,1,4,2,6,Mon Cala
2025-07-08 16:14:42,626,x-wing,resistance,1,3,4,8,Shili
2025-07-08 16:14:41,627,at-at,empire,4,10,3,8,Concord Dawn
2025-07-08 16:14:40,628,at-at,resistance,8,9,1,10,Quermia
2025-07-08 16:14:39,629,stormtrooper,resistance,4,8,3,6,Iridonia
2025-07-08 16:14:38,630,resistance_soldier,empire,2,6,3,4,Umbara
2025-07-08 16:14:37,631,tie_fighter,resistance,9,4,10,1,Glee Anselm
2025-07-08 16:14:36,632,resistance_soldier,empire,10,8,1,8,Serenno
2025-07-08 16:14:35,633,at-at,resistance,1,10,3,2,Dagobah
2025-07-08 16:14:34,634,at-at,resistance,2,10,6,7,Quermia
2025-07-08 16:14:33,635,stormtrooper,empire,4,2,6,1,Muunilinst
2025-07-08 16:14:32,636,unknown,empire,8,7,4,8,Stewjon
2025-07-08 16:14:31,637,at-st,empire,10,7,10,2,Tund
2025-07-08 16:14:30,638,tie_silencer,resistance,6,10,9,3,Socorro
2025-07-08 16:14:29,639,unknown,resistance,9,5,5,7,Alderaan
2025-07-08 16:14:28,640,tie_fighter,resistance,6,6,1,8,Eriadu
2025-07-08 16:14:27,641,tie_silencer,resistance,9,9,6,4,Kalee
2025-07-08 16:14:26,642,at-at,resistance,3,4,2,4,Cerea
2025-07-08 16:14:25,643,x-wing,empire,10,2,5,3,Serenno
2025-07-08 16:14:24,644,tie_silencer,resistance,6,10,10,3,Ryloth
2025-07-08 16:14:23,645,resistance_soldier,empire,9,2,2,1,Trandosha
2025-07-08 16:14:22,646,resistance_soldier,empire,4,5,5,6,Bestine IV
2025-07-08 16:14:21,647,stormtrooper,resistance,9,2,6,4,Dathomir
2025-07-08 16:14:20,648,at-at,resistance,8,10,2,2,Bestine IV
2025-07-08 16:14:19,649,resistance_soldier,empire,9,3,2,10,Kalee
2025-07-08 16:14:18,650,unknown,empire,1,3,3,4,Champala
2025-07-08 16:14:17,651,at-at,empire,1,8,8,5,Toydaria
2025-07-08 16:14:16,652,tie_fighter,empire,5,1,1,3,Stewjon
2025-07-08 16:14:15,653,tie_fighter,empire,1,4,2,9,Dorin
2025-07-08 16:14:14,654,tie_fighter,empire,5,4,9,2,Dagobah
2025-07-08 16:14:13,655,tie_fighter,empire,4,3,7,2,Vulpter
2025-07-08 16:14:12,656,tie_silencer,resistance,1,3,4,7,Ojom
2025-07-08 16:14:11,657,stormtrooper,resistance,4,2,7,7,Shili
2025-07-08 16:14:10,658,x-wing,empire,4,10,4,6,Kashyyyk
2025-07-08 16:14:09,659,tie_fighter,empire,2,9,7,9,Iridonia
2025-07-08 16:14:08,660,unknown,resistance,4,2,10,9,Mon Cala
2025-07-08 16:14:07,661,tie_silencer,resistance,7,7,5,4,Tatooine
2025-07-08 16:14:06,662,unknown,resistance,4,9,5,1,Alderaan
2025-07-08 16:14:05,663,unknown,resistance,1,1,2,9,Naboo
2025-07-08 16:14:04,664,unknown,empire,7,7,9,9,Tund
2025-07-08 16:14:03,665,x-wing,resistance,9,9,10,10,Dorin
2025-07-08 16:14:02,666,at-st,empire,8,5,8,8,Quermia
2025-07-08 16:14:01,667,resistance_soldier,empire,10,1,1,6,Rodia
2025-07-08 16:14:00,668,tie_silencer,empire,1,9,3,10,Bestine IV
2025-07-08 16:13:59,669,resistance_soldier,resistance,4,10,6,3,Mirial
2025-07-08 16:13:58,670,stormtrooper,resistance,3,6,4,6,Sullust
2025-07-08 16:13:57,671,x-wing,resistance,3,8,8,9,Iridonia
2025-07-08 16:13:56,672,resistance_soldier,resistance,6,8,4,6,Iktotch
2025-07-08 16:13:55,673,tie_fighter,resistance,2,4,2,3,Tholoth
2025-07-08 16:13:54,674,unknown,resistance,1,2,2,7,Kashyyyk
2025-07-08 16:13:53,675,tie_silencer,resistance,1,1,7,3,Socorro
2025-07-08 16:13:52,676,tie_fighter,resistance,6,9,5,7,Sullust
2025-07-08 16:13:51,677,x-wing,resistance,8,10,10,7,Kalee
2025-07-08 16:13:50,678,resistance_soldier,empire,5,3,1,6,Concord Dawn
2025-07-08 16:13:49,679,at-at,resistance,9,8,6,4,Champala
2025-07-08 16:13:48,680,tie_fighter,resistance,4,7,7,6,Dathomir
2025-07-08 16:13:47,681,unknown,resistance,8,3,1,2,Shili
2025-07-08 16:13:46,682,tie_fighter,resistance,1,8,5,3,Tholoth
2025-07-08 16:13:45,683,x-wing,resistance,8,7,5,10,Mon Cala
2025-07-08 16:13:44,684,unknown,resistance,10,1,6,7,Ojom
2025-07-08 16:13:43,685,tie_silencer,resistance,6,8,6,7,Socorro
2025-07-08 16:13:42,686,unknown,empire,6,3,2,3,Iridonia
2025-07-08 16:13:41,687,tie_fighter,empire,5,10,5,10,Dathomir
2025-07-08 16:13:40,688,x-wing,empire,1,4,6,6,Malastare
2025-07-08 16:13:39,689,resistance_soldier,empire,6,5,2,1,Malastare
2025-07-08 16:13:38,690,at-at,resistance,5,10,9,8,Dorin
2025-07-08 16:13:37,691,x-wing,resistance,10,8,5,4,Dathomir
2025-07-08 16:13:36,692,at-at,resistance,1,1,4,3,Eriadu
2025-07-08 16:13:35,693,at-at,resistance,1,2,1,6,Iktotch
2025-07-08 16:13:34,694,at-at,empire,9,2,2,1,Toydaria
2025-07-08 16:13:33,695,tie_fighter,resistance,10,8,4,7,Mirial
2025-07-08 16:13:32,696,at-st,empire,2,1,9,3,Tund
2025-07-08 16:13:31,697,tie_silencer,resistance,3,10,3,9,Iridonia
2025-07-08 16:13:30,698,resistance_soldier,resistance,7,8,6,8,Mirial
2025-07-08 16:13:29,699,unknown,resistance,9,9,7,7,Sullust
2025-07-08 16:13:28,700,tie_fighter,resistance,9,8,3,9,Sullust
2025-07-08 16:13:27,701,at-at,empire,4,9,10,1,Aleen Minor
2025-07-08 16:13:26,702,tie_fighter,resistance,4,3,10,1,Quermia
2025-07-08 16:13:25,703,at-st,resistance,10,1,6,8,Quermia
2025-07-08 16:13:24,704,stormtrooper,empire,1,3,2,3,Mirial
2025-07-08 16:13:23,705,tie_silencer,empire,3,3,7,5,Ryloth
2025-07-08 16:13:22,706,stormtrooper,empire,3,3,7,10,Corellia
2025-07-08 16:13:21,707,x-wing,resistance,4,6,5,9,Cerea
2025-07-08 16:13:20,708,resistance_soldier,resistance,6,6,5,9,Kashyyyk
2025-07-08 16:13:19,709,x-wing,resistance,10,7,2,9,Corellia
2025-07-08 16:13:18,710,x-wing,empire,1,6,1,7,Zolan
2025-07-08 16:13:17,711,at-at,empire,5,8,8,7,Corellia
2025-07-08 16:13:16,712,tie_silencer,resistance,1,5,5,2,Chandrila
2025-07-08 16:13:15,713,unknown,resistance,10,6,4,7,Dorin
2025-07-08 16:13:14,714,tie_silencer,resistance,9,3,4,2,Alderaan
2025-07-08 16:13:13,715,stormtrooper,resistance,6,5,5,5,Glee Anselm
2025-07-08 16:13:12,716,unknown,resistance,8,6,10,6,Alderaan
2025-07-08 16:13:11,717,tie_fighter,resistance,7,7,10,2,Sullust
2025-07-08 16:13:10,718,tie_silencer,resistance,2,9,2,10,Quermia
2025-07-08 16:13:09,719,x-wing,empire,3,10,9,4,Malastare
2025-07-08 16:13:08,720,resistance_soldier,empire,1,9,5,10,Muunilinst
2025-07-08 16:13:07,721,stormtrooper,empire,8,3,8,4,Corellia
2025-07-08 16:13:06,722,tie_fighter,empire,3,3,10,5,Tund
2025-07-08 16:13:05,723,resistance_soldier,empire,3,6,2,8,Serenno
2025-07-08 16:13:04,724,at-st,resistance,10,9,10,1,Trandosha
2025-07-08 16:13:03,725,tie_fighter,empire,5,1,8,10,Umbara
2025-07-08 16:13:02,726,tie_silencer,empire,6,7,1,6,Socorro
2025-07-08 16:13:01,727,stormtrooper,empire,3,5,4,10,Serenno
2025-07-08 16:13:00,728,unknown,empire,2,8,3,1,Bestine IV
2025-07-08 16:12:59,729,unknown,empire,4,7,8,8,Champala
2025-07-08 16:12:58,730,tie_fighter,resistance,10,7,4,9,Aleen Minor
2025-07-08 16:12:57,731,tie_fighter,empire,7,7,7,10,Shili
2025-07-08 16:12:56,732,x-wing,empire,10,3,9,3,Zolan
2025-07-08 16:12:55,733,stormtrooper,empire,10,7,3,5,Zolan
2025-07-08 16:12:54,734,resistance_soldier,empire,2,3,7,9,Rodia
2025-07-08 16:12:53,735,tie_fighter,empire,9,5,9,10,Tund
2025-07-08 16:12:52,736,unknown,resistance,8,5,6,1,Alderaan
2025-07-08 16:12:51,737,at-at,resistance,8,4,8,1,Haruun Kal
2025-07-08 16:12:50,738,tie_silencer,empire,8,10,3,9,Haruun Kal
2025-07-08 16:12:49,739,at-st,empire,1,1,1,6,Dagobah
2025-07-08 16:12:48,740,tie_silencer,resistance,8,9,7,1,Concord Dawn
2025-07-08 16:12:47,741,unknown,empire,8,2,6,9,Rodia
2025-07-08 16:12:46,742,x-wing,empire,6,8,6,2,Rodia
2025-07-08 16:12:45,743,resistance_soldier,empire,2,1,5,8,Corellia
2025-07-08 16:12:44,744,tie_fighter,resistance,4,10,8,5,Bestine IV
2025-07-08 16:12:43,745,resistance_soldier,resistance,5,1,1,9,Mon Cala
2025-07-08 16:12:42,746,resistance_soldier,empire,2,7,7,4,Zolan
2025-07-08 16:12:41,747,resistance_soldier,empire,8,3,10,7,Naboo
2025-07-08 16:12:40,748,resistance_soldier,empire,2,2,6,8,Tund
2025-07-08 16:12:39,749,resistance_soldier,resistance,10,4,5,3,Tholoth
2025-07-08 16:12:38,750,tie_silencer,resistance,9,1,1,5,Muunilinst
2025-07-08 16:12:37,751,at-at,resistance,7,4,3,5,Shili
2025-07-08 16:12:36,752,x-wing,empire,9,2,6,5,Skako
2025-07-08 16:12:35,753,unknown,resistance,7,7,5,6,Toydaria
2025-07-08 16:12:34,754,tie_fighter,resistance,10,8,5,9,Iktotch
2025-07-08 16:12:33,755,tie_fighter,resistance,1,3,10,5,Concord Dawn
2025-07-08 16:12:32,756,at-st,empire,7,6,10,8,Concord Dawn
2025-07-08 16:12:31,757,unknown,resistance,4,6,1,9,Quermia
2025-07-08 16:12:30,758,x-wing,resistance,2,8,7,6,Naboo
2025-07-08 16:12:29,759,at-st,empire,3,3,3,10,Stewjon
2025-07-08 16:12:28,760,unknown,empire,2,1,5,10,Tund
2025-07-08 16:12:27,761,at-at,resistance,7,8,7,5,Socorro
2025-07-08 16:12:26,762,tie_silencer,empire,1,7,6,7,Quermia
2025-07-08 16:12:25,763,x-wing,resistance,8,2,5,8,Concord Dawn
2025-07-08 16:12:24,764,tie_fighter,empire,8,2,2,4,Tholoth
2025-07-08 16:12:23,765,at-at,empire,10,1,5,10,Tatooine
2025-07-08 16:12:22,766,x-wing,empire,2,6,8,4,Aleen Minor
2025-07-08 16:12:21,767,x-wing,resistance,9,8,8,7,Sullust
2025-07-08 16:12:20,768,tie_silencer,resistance,3,6,10,7,Quermia
2025-07-08 16:12:19,769,at-at,empire,2,4,5,6,Dagobah
2025-07-08 16:12:18,770,tie_silencer,empire,8,3,10,7,Tund
2025-07-08 16:12:17,771,at-st,empire,5,6,6,4,Mirial
2025-07-08 16:12:16,772,resistance_soldier,resistance,4,1,4,8,Alderaan
2025-07-08 16:12:15,773,unknown,resistance,5,5,8,6,Bestine IV
2025-07-08 16:12:14,774,stormtrooper,empire,1,3,6,10,Corellia
2025-07-08 16:12:13,775,unknown,empire,5,5,10,5,Stewjon
2025-07-08 16:12:12,776,resistance_soldier,empire,6,7,1,3,Tatooine
2025-07-08 16:12:11,777,x-wing,resistance,4,4,10,5,Iridonia
2025-07-08 16:12:10,778,tie_fighter,resistance,4,4,1,9,Aleen Minor
2025-07-08 16:12:09,779,stormtrooper,resistance,4,9,9,9,Umbara
2025-07-08 16:12:08,780,x-wing,resistance,7,2,8,8,Iktotch
2025-07-08 16:12:07,781,stormtrooper,resistance,10,7,10,1,Naboo
2025-07-08 16:12:06,782,x-wing,resistance,8,5,7,6,Troiken
2025-07-08 16:12:05,783,at-st,empire,8,2,6,2,Kalee
2025-07-08 16:12:04,784,at-at,empire,6,8,6,6,Kalee
2025-07-08 16:12:03,785,resistance_soldier,empire,5,6,9,4,Eriadu
2025-07-08 16:12:02,786,tie_fighter,empire,10,3,4,6,Dagobah
2025-07-08 16:12:01,787,stormtrooper,empire,10,8,2,6,Serenno
2025-07-08 16:12:00,788,tie_fighter,resistance,7,9,1,8,Bestine IV
2025-07-08 16:11:59,789,x-wing,empire,1,8,3,10,Skako
2025-07-08 16:11:58,790,at-st,empire,1,2,10,3,Mon Cala
2025-07-08 16:11:57,791,at-st,resistance,9,4,10,10,Aleen Minor
2025-07-08 16:11:56,792,tie_fighter,empire,5,2,3,5,Muunilinst
2025-07-08 16:11:55,793,tie_silencer,empire,7,4,2,9,Dagobah
2025-07-08 16:11:54,794,at-at,empire,2,3,5,3,Ojom
2025-07-08 16:11:53,795,resistance_soldier,empire,10,10,3,8,Zolan
2025-07-08 16:11:52,796,tie_silencer,resistance,5,1,7,3,Kashyyyk
2025-07-08 16:11:51,797,x-wing,resistance,9,2,2,3,Cerea
2025-07-08 16:11:50,798,x-wing,resistance,10,5,1,4,Glee Anselm
2025-07-08 16:11:49,799,tie_fighter,resistance,3,3,7,4,Shili
2025-07-08 16:11:48,800,unknown,resistance,5,10,7,6,Mirial
2025-07-08 16:11:47,801,stormtrooper,resistance,3,9,9,9,Vulpter
2025-07-08 16:11:46,802,tie_fighter,resistance,8,8,7,4,Trandosha
2025-07-08 16:11:45,803,stormtrooper,resistance,1,10,6,2,Iktotch
2025-07-08 16:11:44,804,unknown,empire,10,3,2,2,Aleen Minor
2025-07-08 16:11:43,805,stormtrooper,resistance,8,7,5,10,Sullust
2025-07-08 16:11:42,806,at-st,empire,6,2,1,6,Umbara
2025-07-08 16:11:41,807,unknown,resistance,3,7,2,1,Glee Anselm
2025-07-08 16:11:40,808,tie_silencer,resistance,8,1,10,3,Alderaan
2025-07-08 16:11:39,809,tie_fighter,resistance,6,1,3,10,Socorro
2025-07-08 16:11:38,810,at-st,empire,4,2,7,10,Tund
2025-07-08 16:11:37,811,at-at,empire,9,1,5,3,Concord Dawn
2025-07-08 16:11:36,812,at-at,resistance,7,8,6,4,Glee Anselm
2025-07-08 16:11:35,813,at-at,empire,5,5,5,2,Rodia
2025-07-08 16:11:34,814,at-st,empire,10,4,6,3,Tund
2025-07-08 16:11:33,815,resistance_soldier,empire,3,6,7,10,Dorin
2025-07-08 16:11:32,816,x-wing,empire,5,8,9,9,Shili
2025-07-08 16:11:31,817,tie_silencer,resistance,5,8,4,9,Iktotch
2025-07-08 16:11:30,818,at-at,resistance,3,1,9,7,Cerea
2025-07-08 16:11:29,819,x-wing,empire,10,8,5,7,Stewjon
2025-07-08 16:11:28,820,at-at,resistance,10,3,8,4,Kalee
2025-07-08 16:11:27,821,tie_silencer,resistance,3,2,7,8,Troiken
2025-07-08 16:11:26,822,resistance_soldier,resistance,1,6,8,4,Sullust
2025-07-08 16:11:25,823,stormtrooper,resistance,8,7,8,4,Dathomir
2025-07-08 16:11:24,824,unknown,empire,10,2,10,8,Corellia
2025-07-08 16:11:23,825,unknown,empire,2,7,5,5,Corellia
2025-07-08 16:11:22,826,tie_silencer,resistance,3,4,8,8,Tholoth
2025-07-08 16:11:21,827,tie_silencer,empire,8,8,5,3,Tatooine
2025-07-08 16:11:20,828,at-st,empire,6,1,7,3,Toydaria
2025-07-08 16:11:19,829,tie_silencer,resistance,5,4,4,5,Tatooine
2025-07-08 16:11:18,830,at-at,resistance,1,6,10,1,Glee Anselm
2025-07-08 16:11:17,831,tie_silencer,resistance,9,4,3,6,Bestine IV
2025-07-08 16:11:16,832,x-wing,empire,7,7,4,3,Corellia
2025-07-08 16:11:15,833,resistance_soldier,empire,4,5,2,3,Serenno
2025-07-08 16:11:14,834,resistance_soldier,empire,5,2,10,1,Toydaria
2025-07-08 16:11:13,835,tie_fighter,resistance,5,2,7,9,Bestine IV
2025-07-08 16:11:12,836,stormtrooper,empire,2,4,9,9,Iktotch
2025-07-08 16:11:11,837,stormtrooper,empire,1,5,2,4,Eriadu
2025-07-08 16:11:10,838,at-at,empire,7,8,8,2,Ojom
2025-07-08 16:11:09,839,tie_fighter,resistance,2,2,2,4,Ryloth
2025-07-08 16:11:08,840,unknown,resistance,3,9,6,2,Vulpter
2025-07-08 16:11:07,841,resistance_soldier,empire,5,9,7,6,Skako
2025-07-08 16:11:06,842,at-st,resistance,1,8,4,7,Mirial
2025-07-08 16:11:05,843,tie_silencer,empire,3,3,5,5,Glee Anselm
2025-07-08 16:11:04,844,tie_fighter,empire,9,1,1,4,Kalee
2025-07-08 16:11:03,845,unknown,resistance,1,4,2,4,Glee Anselm
2025-07-08 16:11:02,846,x-wing,empire,4,2,7,7,Serenno
2025-07-08 16:11:01,847,resistance_soldier,resistance,2,8,1,6,Socorro
2025-07-08 16:11:00,848,tie_fighter,empire,2,5,6,4,Dorin
2025-07-08 16:10:59,849,at-at,empire,8,1,10,1,Socorro
2025-07-08 16:10:58,850,stormtrooper,empire,2,1,3,10,Quermia
2025-07-08 16:10:57,851,at-at,resistance,2,8,1,1,Umbara
2025-07-08 16:10:56,852,stormtrooper,resistance,6,4,7,7,Vulpter
2025-07-08 16:10:55,853,tie_fighter,empire,6,8,7,9,Skako
2025-07-08 16:10:54,854,unknown,resistance,4,8,5,7,Aleen Minor
2025-07-08 16:10:53,855,tie_fighter,resistance,8,7,5,9,Iktotch
2025-07-08 16:10:52,856,unknown,empire,2,8,10,7,Iktotch
2025-07-08 16:10:51,857,tie_silencer,resistance,6,1,2,5,Alderaan
2025-07-08 16:10:50,858,tie_silencer,resistance,2,10,8,3,Kashyyyk
2025-07-08 16:10:49,859,resistance_soldier,resistance,2,9,7,10,Socorro
2025-07-08 16:10:48,860,at-at,resistance,7,10,4,7,Cerea
2025-07-08 16:10:47,861,unknown,resistance,9,5,1,1,Aleen Minor
2025-07-08 16:10:46,862,tie_silencer,empire,10,5,2,7,Skako
2025-07-08 16:10:45,863,tie_silencer,resistance,5,10,1,8,Kalee
2025-07-08 16:10:44,864,stormtrooper,empire,9,1,3,1,Eriadu
2025-07-08 16:10:43,865,tie_silencer,empire,5,2,2,7,Vulpter
2025-07-08 16:10:42,866,x-wing,resistance,6,4,2,7,Mon Cala
2025-07-08 16:10:41,867,x-wing,resistance,2,8,5,2,Mirial
2025-07-08 16:10:40,868,x-wing,resistance,10,3,5,1,Haruun Kal
2025-07-08 16:10:39,869,x-wing,resistance,9,3,4,1,Rodia
2025-07-08 16:10:38,870,tie_silencer,empire,9,6,10,3,Socorro
2025-07-08 16:10:37,871,tie_silencer,resistance,2,1,5,4,Tholoth
2025-07-08 16:10:36,872,resistance_soldier,resistance,2,2,10,6,Tholoth
2025-07-08 16:10:35,873,tie_fighter,empire,10,10,4,5,Serenno
2025-07-08 16:10:34,874,at-at,empire,6,9,1,8,Trandosha
2025-07-08 16:10:33,875,resistance_soldier,resistance,7,4,1,4,Eriadu
2025-07-08 16:10:32,876,stormtrooper,empire,2,7,6,3,Trandosha
2025-07-08 16:10:31,877,tie_silencer,resistance,5,5,6,8,Chandrila
2025-07-08 16:10:30,878,x-wing,resistance,6,7,8,4,Naboo
2025-07-08 16:10:29,879,tie_silencer,resistance,3,9,9,6,Chandrila
2025-07-08 16:10:28,880,resistance_soldier,empire,10,1,8,1,Bestine IV
2025-07-08 16:10:27,881,stormtrooper,resistance,4,3,6,2,Kashyyyk
2025-07-08 16:10:26,882,tie_fighter,empire,6,7,5,1,Zolan
2025-07-08 16:10:25,883,resistance_soldier,resistance,2,2,8,10,Stewjon
2025-07-08 16:10:24,884,x-wing,empire,3,4,10,8,Trandosha
2025-07-08 16:10:23,885,at-st,resistance,7,10,6,1,Ryloth
2025-07-08 16:10:22,886,x-wing,resistance,1,8,10,2,Umbara
2025-07-08 16:10:21,887,tie_silencer,empire,3,5,9,8,Concord Dawn
2025-07-08 16:10:20,888,stormtrooper,empire,8,5,8,2,Haruun Kal
2025-07-08 16:10:19,889,tie_silencer,empire,2,10,10,7,Quermia
2025-07-08 16:10:18,890,resistance_soldier,empire,10,5,7,10,Malastare
2025-07-08 16:10:17,891,tie_silencer,resistance,7,4,7,2,Mon Cala
2025-07-08 16:10:16,892,resistance_soldier,empire,8,2,1,8,Muunilinst
2025-07-08 16:10:15,893,tie_fighter,resistance,3,10,1,9,Ojom
2025-07-08 16:10:14,894,x-wing,empire,2,9,3,4,Malastare
2025-07-08 16:10:13,895,stormtrooper,resistance,2,7,10,10,Quermia
2025-07-08 16:10:12,896,at-st,resistance,9,8,7,4,Troiken
2025-07-08 16:10:11,897,tie_fighter,empire,5,5,4,9,Glee Anselm
2025-07-08 16:10:10,898,x-wing,empire,8,4,3,8,Rodia
2025-07-08 16:10:09,899,stormtrooper,resistance,2,4,10,5,Sullust
2025-07-08 16:10:08,900,at-at,resistance,7,10,6,1,Mirial
2025-07-08 16:10:07,901,stormtrooper,empire,9,9,5,1,Tund
2025-07-08 16:10:06,902,stormtrooper,empire,9,3,5,2,Iktotch
2025-07-08 16:10:05,903,at-st,resistance,3,5,2,7,Tatooine
2025-07-08 16:10:04,904,x-wing,resistance,3,8,9,6,Mirial
2025-07-08 16:10:03,905,resistance_soldier,empire,8,5,1,3,Zolan
2025-07-08 16:10:02,906,resistance_soldier,empire,2,6,7,10,Eriadu
2025-07-08 16:10:01,907,at-st,resistance,1,8,6,6,Socorro
2025-07-08 16:10:00,908,at-st,resistance,5,8,7,9,Naboo
2025-07-08 16:09:59,909,tie_fighter,empire,3,9,6,10,Vulpter
2025-07-08 16:09:58,910,at-at,resistance,1,6,8,2,Haruun Kal
2025-07-08 16:09:57,911,at-st,resistance,4,1,9,4,Umbara
2025-07-08 16:09:56,912,at-at,empire,9,5,8,7,Aleen Minor
2025-07-08 16:09:55,913,at-at,empire,4,2,3,2,Skako
2025-07-08 16:09:54,914,resistance_soldier,resistance,10,1,4,2,Alderaan
2025-07-08 16:09:53,915,resistance_soldier,resistance,6,7,3,4,Shili
2025-07-08 16:09:52,916,tie_fighter,resistance,3,10,2,4,Rodia
2025-07-08 16:09:51,917,at-at,empire,10,6,3,1,Iktotch
2025-07-08 16:09:50,918,x-wing,resistance,5,2,2,5,Sullust
2025-07-08 16:09:49,919,at-at,resistance,2,1,5,3,Chandrila
2025-07-08 16:09:48,920,resistance_soldier,resistance,8,1,7,8,Vulpter
2025-07-08 16:09:47,921,unknown,empire,10,7,7,2,Muunilinst
2025-07-08 16:09:46,922,at-st,empire,6,3,2,4,Dagobah
2025-07-08 16:09:45,923,x-wing,resistance,8,5,4,2,Trandosha
2025-07-08 16:09:44,924,tie_silencer,empire,8,5,2,2,Toydaria
2025-07-08 16:09:43,925,at-at,resistance,2,8,5,5,Cerea
2025-07-08 16:09:42,926,at-st,empire,7,2,5,8,Dagobah
2025-07-08 16:09:41,927,tie_silencer,empire,7,6,7,6,Ojom
2025-07-08 16:09:40,928,unknown,resistance,10,3,2,8,Sullust
2025-07-08 16:09:39,929,unknown,resistance,8,9,3,2,Iktotch
2025-07-08 16:09:38,930,at-st,empire,5,4,9,3,Tund
2025-07-08 16:09:37,931,resistance_soldier,empire,5,6,1,6,Cerea
2025-07-08 16:09:36,932,tie_fighter,resistance,9,1,1,5,Skako
2025-07-08 16:09:35,933,at-at,resistance,9,10,8,10,Mon Cala
2025-07-08 16:09:34,934,at-st,resistance,7,3,3,1,Dorin
2025-07-08 16:09:33,935,x-wing,empire,3,5,1,10,Stewjon
2025-07-08 16:09:32,936,x-wing,empire,4,2,8,8,Iridonia
2025-07-08 16:09:31,937,at-at,resistance,7,10,7,6,Naboo
2025-07-08 16:09:30,938,tie_fighter,resistance,7,6,2,1,Eriadu
2025-07-08 16:09:29,939,tie_fighter,empire,8,8,2,9,Skako
2025-07-08 16:09:28,940,at-st,empire,9,9,7,4,Tholoth
2025-07-08 16:09:27,941,tie_silencer,resistance,2,2,2,7,Vulpter
2025-07-08 16:09:26,942,tie_fighter,empire,10,8,8,9,Eriadu
2025-07-08 16:09:25,943,at-st,resistance,5,4,5,4,Zolan
2025-07-08 16:09:24,944,unknown,empire,2,1,1,5,Dorin
2025-07-08 16:09:23,945,unknown,resistance,6,7,4,2,Bestine IV
2025-07-08 16:09:22,946,stormtrooper,empire,3,1,10,7,Stewjon
2025-07-08 16:09:21,947,resistance_soldier,resistance,2,1,5,3,Socorro
2025-07-08 16:09:20,948,x-wing,resistance,6,10,7,2,Mon Cala
2025-07-08 16:09:19,949,x-wing,resistance,3,2,9,2,Chandrila
2025-07-08 16:09:18,950,stormtrooper,resistance,9,1,8,10,Cerea
2025-07-08 16:09:17,951,unknown,resistance,10,4,8,4,Haruun Kal
2025-07-08 16:09:16,952,resistance_soldier,empire,2,6,1,4,Muunilinst
2025-07-08 16:09:15,953,x-wing,resistance,5,5,1,6,Shili
2025-07-08 16:09:14,954,tie_fighter,resistance,1,2,10,5,Ojom
2025-07-08 16:09:13,955,unknown,resistance,7,7,1,5,Shili
2025-07-08 16:09:12,956,unknown,empire,3,2,10,4,Mirial
2025-07-08 16:09:11,957,tie_fighter,resistance,4,2,10,1,Iktotch
2025-07-08 16:09:10,958,x-wing,empire,8,9,6,7,Aleen Minor
2025-07-08 16:09:09,959,x-wing,resistance,10,3,1,8,Alderaan
2025-07-08 16:09:08,960,at-at,empire,3,4,2,1,Shili
2025-07-08 16:09:07,961,unknown,resistance,1,2,5,2,Alderaan
2025-07-08 16:09:06,962,unknown,empire,1,3,7,7,Mirial
2025-07-08 16:09:05,963,stormtrooper,empire,6,6,10,3,Eriadu
2025-07-08 16:09:04,964,stormtrooper,resistance,8,5,3,7,Shili
2025-07-08 16:09:03,965,unknown,resistance,6,7,10,3,Iridonia
2025-07-08 16:09:02,966,tie_fighter,empire,7,7,2,7,Skako
2025-07-08 16:09:01,967,tie_silencer,empire,3,5,4,8,Concord Dawn
2025-07-08 16:09:00,968,stormtrooper,empire,9,7,5,8,Dagobah
2025-07-08 16:08:59,969,unknown,empire,2,5,2,8,Tund
2025-07-08 16:08:58,970,tie_silencer,resistance,10,6,9,6,Glee Anselm
2025-07-08 16:08:57,971,stormtrooper,resistance,4,9,6,10,Sullust
2025-07-08 16:08:56,972,tie_fighter,empire,4,1,9,5,Mirial
2025-07-08 16:08:55,973,stormtrooper,resistance,2,3,3,2,Dathomir
2025-07-08 16:08:54,974,resistance_soldier,empire,5,5,2,8,Malastare
2025-07-08 16:08:53,975,tie_silencer,empire,2,3,10,2,Stewjon
2025-07-08 16:08:52,976,stormtrooper,empire,10,3,10,10,Trandosha
2025-07-08 16:08:51,977,unknown,empire,3,5,4,1,Dorin
2025-07-08 16:08:50,978,tie_fighter,empire,8,4,7,5,Chandrila
2025-07-08 16:08:49,979,x-wing,empire,3,10,7,5,Aleen Minor
2025-07-08 16:08:48,980,tie_fighter,empire,2,4,1,7,Concord Dawn
2025-07-08 16:08:47,981,tie_fighter,empire,5,1,2,4,Quermia
2025-07-08 16:08:46,982,x-wing,resistance,3,9,8,6,Naboo
2025-07-08 16:08:45,983,tie_fighter,resistance,1,3,10,3,Chandrila
2025-07-08 16:08:44,984,stormtrooper,empire,8,9,4,8,Aleen Minor
2025-07-08 16:08:43,985,unknown,resistance,2,8,9,6,Malastare
2025-07-08 16:08:42,986,stormtrooper,resistance,4,10,8,8,Ojom
2025-07-08 16:08:41,987,tie_fighter,resistance,3,9,10,9,Naboo
2025-07-08 16:08:40,988,resistance_soldier,resistance,1,2,6,2,Iktotch
2025-07-08 16:08:39,989,tie_silencer,resistance,5,1,2,3,Socorro
2025-07-08 16:08:38,990,resistance_soldier,resistance,9,9,2,7,Toydaria
2025-07-08 16:08:37,991,at-at,resistance,10,6,7,3,Ojom
2025-07-08 16:08:36,992,resistance_soldier,empire,6,1,7,5,Dorin
2025-07-08 16:08:35,993,resistance_soldier,resistance,4,2,8,6,Kalee
2025-07-08 16:08:34,994,x-wing,resistance,3,5,4,1,Shili
2025-07-08 16:08:33,995,x-wing,empire,10,1,3,8,Kalee
2025-07-08 16:08:32,996,resistance_soldier,resistance,3,8,2,5,Aleen Minor
2025-07-08 16:08:31,997,unknown,empire,9,3,1,9,Skako
2025-07-08 16:08:30,998,unknown,empire,7,8,5,4,Vulpter
2025-07-08 16:08:29,999,x-wing,empire,5,9,10,5,Aleen Minor
2025-07-08 16:08:28,1000,x-wing,resistance,2,1,6,7,Trandosha
